signo_id ;numero_semana;mensagem
Aquario;1;Você não dá presente. Você entrega conceito, ideia e revolução em forma de mimo.
Aquario;2;Se o presente vier com manual alternativo e um QR code misterioso, melhor ainda.
Aquario;3;Essa semana, evite dar algo comum. Aquariano não nasceu pra seguir o catálogo.
Aquario;4;Presente tradicional? Só se for irônico.
Aquario;5;Você já pensou em imprimir um presente em 3D? Pois é. Isso é muito você.
Aquario;6;Dica: crie uma playlist junto com o presente. A pessoa vai entender… ou não.
Aquario;7;Você provavelmente teve uma ideia genial ontem. Transforme ela em presente hoje.
Aquario;8;Dê algo tão original que nem o algoritmo consegue prever.
Aquario;9;Se alguém disser “que estranho”, você sabe que acertou.
Aquario;10;Essa semana, evite embrulhos comuns. O papel pode ser um mapa, um código ou uma provocação.
Aquario;11;Você presentearia com uma planta carnívora só pelo caos. E a gente apoia.
Aquario;12;Gosta de surpresa? Sim. Mas só se for imprevisível, não aleatória.
Aquario;13;O presente ideal hoje? Um item que ninguém mais no planeta teria.
Aquario;14;Dica: personalize o presente com algo que só vocês dois entendam. E que ninguém mais deva saber.
Aquario;15;Se o presente parece estranho demais… talvez esteja perfeito.
Aquario;16;Aquário não presenteia. Ele promove experiências sociais disfarçadas de objetos.
Aquario;17;Se for tecnológico, excêntrico ou conceitual: tá aprovado.
Aquario;18;Dê algo que faça a pessoa pensar: “nunca imaginei isso… mas eu amei!”
Aquario;19;Evite presentes que venham com regras. Ou que sejam previsíveis.
Aquario;20;Essa semana, surpreenda até você mesmo com o que escolher.
Aquario;21;Você consegue transformar um presente de R$ 10 em um manifesto cultural.
Aquario;22;O presente não precisa funcionar. Só precisa provocar reflexão.
Aquario;23;Brinque com a expectativa. Entregue um presente dentro de outro, dentro de outro…
Aquario;24;Invente um presente. Isso mesmo. Invente.
Aquario;25;A surpresa ideal: algo entre um protótipo e uma performance artística.
Aquario;26;Não se prenda a embalagens. Faça arte com fita crepe e cola colorida.
Aquario;27;Essa semana, um presente que causa debate é melhor que um que causa sorriso fácil.
Aquario;28;Você daria um telescópio e diria: “vai ver o mundo além”.
Aquario;29;Evite clichês. A menos que você os reinvente completamente.
Aquario;30;Dica: um presente com propósito social ou ecológico vai falar sua língua.
Aquario;31;Você já pensou em dar um presente em realidade aumentada? Só falta o app.
Aquario;32;Essa semana, não explique o presente. Deixe a pessoa interpretar.
Aquario;33;Transforme um presente simples em algo lendário com uma boa história inventada.
Aquario;34;Você é o único capaz de dar um presente e ainda fazer a pessoa se sentir genial.
Aquario;35;Presenteie com aquilo que ninguém sabia que precisava. Nem você.
Aquario;36;Essa semana, não pense no óbvio. Pense no universo paralelo.
Aquario;37;Um presente disruptivo. O nome já te seduz, né?
Aquario;38;Dê algo feito com as próprias mãos (mesmo que pareça um experimento).
Aquario;39;Tente misturar ciência e carinho em um só pacote. Sim, é possível.
Aquario;40;Você consegue transformar sarcasmo em presente. Isso é uma superpotência.
Aquario;41;Essa semana, ofereça liberdade em forma de presente.
Aquario;42;Crie um presente em colaboração com 3 amigos e um bot. Totalmente aquariano.
Aquario;43;Se o presente parece bizarro… talvez esteja avançado demais para o tempo dele.
Aquario;44;Você poderia dar um presente por voto popular. Ou por sorteio. Ou só por intuição.
Aquario;45;Quer surpreender? Use um enigma como convite para abrir o presente.
Aquario;46;Presenteie como se estivesse lançando um novo movimento cultural.
Aquario;47;Um presente seu sempre vira história de mesa de bar.
Aquario;48;Essa semana, o desafio: dar um presente que inspire revolução (ou risadas).
Aquario;49;Um presente que estimule a imaginação (e cause confusão leve) é seu estilo.
Aquario;50;Giviti sabe: seu presente nunca é o que parece. E é por isso que funciona.
Aquario;51;Dê um presente que cause um “ué?”. O resto é com a pessoa.
Aquario;52;Essa semana, seja 100% você: entregue algo genial, imprevisível e com muito estilo próprio.
Escorpião;1;Você não dá presente: você seduz com embrulho.
Escorpião;2;Se o presente não tiver um toque de mistério, é só uma embalagem com data.
Escorpião;3;Dê algo que diga “eu sei mais sobre você do que você imagina”.
Escorpião;4;Presente bom tem que tocar fundo. Nada de superficialidade.
Escorpião;5;Essa semana, escolha algo que a pessoa nem sabia que queria. Mas precisava.
Escorpião;6;Escorpiano entrega presente como quem faz uma revelação.
Escorpião;7;Dica: o bilhete junto vale tanto quanto o que está dentro. Capriche no drama.
Escorpião;8;Se o presente puder provocar lágrimas ou arrepios, melhor ainda.
Escorpião;9;Você quer impactar, não apenas agradar.
Escorpião;10;A pessoa vai lembrar desse presente pra sempre. Missão dada.
Escorpião;11;Um presente escorpiano não diz “eu te amo”. Diz “te entendo mais do que você pensa.”
Escorpião;12;Evite presentes vazios. Você nasceu pra ser inesquecível.
Escorpião;13;Essa semana, use o presente como declaração. Ou vingança carinhosa.
Escorpião;14;Você daria um presente e, sem dizer nada, criaria uma história por trás.
Escorpião;15;Dê algo simbólico. Mas com peso emocional de novela mexicana.
Escorpião;16;Cuidado: você pode se apegar ao presente antes de entregar.
Escorpião;17;O presente não precisa ser grande. Mas tem que ter intensidade.
Escorpião;18;Escorpiano não esquece presentes bons. Nem os ruins. Pense nisso.
Escorpião;19;Essa semana, sua missão: causar impacto. Com afeto, claro.
Escorpião;20;Use o presente pra dizer aquilo que você nunca diria em voz alta.
Escorpião;21;Você daria um perfume com nota de mistério e final trágico. E funcionaria.
Escorpião;22;Dica: presente preto e elegante nunca erra.
Escorpião;23;Presente com “duplo sentido emocional” é sua especialidade.
Escorpião;24;Faça da entrega do presente uma cena. Com trilha sonora e tudo.
Escorpião;25;Essa semana, vá além do óbvio. Presenteie como quem revela um segredo.
Escorpião;26;Dê algo com intensidade. Tipo um livro que destrói emocionalmente.
Escorpião;27;Você nunca “só entrega” um presente. Você cria um momento ritualístico.
Escorpião;28;Presenteie com significado. O preço é detalhe.
Escorpião;29;Essa semana, um toque de suspense no bilhete não faz mal a ninguém.
Escorpião;30;Você daria uma caixa com camadas. E cada uma teria um simbolismo.
Escorpião;31;Um presente só seu pode deixar a pessoa pensando por dias. E amando por meses.
Escorpião;32;Escorpiane, use o presente como armadilha emocional do bem.
Escorpião;33;Evite dar algo muito claro. O mistério é o laço.
Escorpião;34;Você consegue transformar um chocolate em metáfora de vida.
Escorpião;35;Essa semana, invista em intensidade sutil. Isso existe, e você domina.
Escorpião;36;Presente com história real ou inventada: importante é ser memorável.
Escorpião;37;Um presente escorpiano pode parecer simples, até a pessoa abrir.
Escorpião;38;Use símbolos. Você fala mais com imagem do que com descrição.
Escorpião;39;Essa semana: surpreenda com um toque de sombra e paixão.
Escorpião;40;Dê um presente com cheiro, textura e mistério.
Escorpião;41;Se puder causar catarse emocional, é bônus.
Escorpião;42;Use a entrega pra deixar a pessoa intrigada. A explicação vem depois.
Escorpião;43;Dica: presente escorpiano bom é aquele que deixa marca (emocional).
Escorpião;44;Evite dar algo vazio. Você não nasceu pra superficialidade.
Escorpião;45;Você daria uma playlist, um poema e um olhar profundo.
Escorpião;46;Essa semana, canalize seu drama para o bem: presentear com intensidade.
Escorpião;47;Você transforma até um presente simbólico em acontecimento.
Escorpião;48;Use o presente como extensão da sua personalidade misteriosa.
Escorpião;49;A pessoa vai lembrar de você toda vez que usar. Ou sonhar com o presente.
Escorpião;50;Escorpião presenteia com poder emocional. Sempre.
Escorpião;51;Essa semana, presenteie como quem dá um feitiço do bem.
Escorpião;52;E lembre-se: seu presente não é só presente. É experiência emocional completa.
Touro;1;Dê um presente que abrace. Ou que alimente. Melhor ainda se fizer os dois.
Touro;2;Evite dar algo que você mesmo queira guardar. Touro sofre com desapego.
Touro;3;Essa semana, presente com textura, cheiro e sabor. Sensorial é o caminho.
Touro;4;Você valoriza o conforto. Que tal um presente que diga: “descansa, tá?”
Touro;5;Touro presenteia como quem monta um altar do bem-estar. E tá certíssimo.
Touro;6;Um presente que dure, que funcione, que agrade. Pronto: taurino feliz.
Touro;7;Se for comestível, tem 50% mais chance de dar certo.
Touro;8;Essa semana: escolha algo que diga “mimo de quem se importa (e tem bom gosto)”.
Touro;9;Evite presentes barulhentos, confusos ou com cheiro estranho. Touro tem padrão.
Touro;10;Seu presente pode ser um edredom, uma caixa de trufas ou uma playlist relax.
Touro;11;Taurine, você dá presente como quem dá um abraço em forma de fondue.
Touro;12;Essa semana, vá de presente útil. Mas com toque de requinte, claro.
Touro;13;Evite dar algo desconfortável. O presente não pode pinicar.
Touro;14;Presente simples e de qualidade? Touro assina embaixo.
Touro;15;Essa semana, prefira presente que seja bom… e depois lindo.
Touro;16;Um cobertor, um vinho e um livro? O trio sagrado do presente taurino.
Touro;17;Dica: se der comida, não esqueça de provar antes. Pra garantir, claro.
Touro;18;Taurino presenteia com calma, mas acerta na essência.
Touro;19;Se puder incluir uma vela aromática no presente, melhor ainda.
Touro;20;Você daria um cobertor térmico de presente e se sentiria um herói.
Touro;21;Um presente bem embalado já conta como 50% da experiência.
Touro;22;Essa semana, escolha algo que sirva, dure e dê vontade de repetir.
Touro;23;Presente sem gosto ou cheiro? Touro chama de provocação.
Touro;24;Você presenteia como quem diz: “toma aqui um pedaço do meu conforto”.
Touro;25;Um presente rústico, chique e com alma. Perfeito pra você.
Touro;26;Dê algo que se possa usar num domingo chuvoso com Netflix e chá.
Touro;27;Essa semana: dê um presente que combine com silêncio e bem-estar.
Touro;28;Taurino dá presente pensando na durabilidade e no prazer de usar.
Touro;29;Dica: presente com textura macia = sucesso com Touro.
Touro;30;Um bom presente é aquele que pode ser usado deitado.
Touro;31;Você daria um presente com laço duplo e bombons dentro. Amor e açúcar.
Touro;32;Touro presenteia com consistência. Nada de “achei bonito e comprei”.
Touro;33;Você já pensou em presentear com um fondue portátil? Touro adoraria.
Touro;34;Essa semana: dê algo que te traga prazer só de imaginar a pessoa usando.
Touro;35;Touro entrega presente com intenção e discrição. E muita qualidade.
Touro;36;Dê um presente que possa ser saboreado, literal ou simbolicamente.
Touro;37;Essa semana: escolha presente que envolva prazer e descanso.
Touro;38;Taurino gosta de toque, cheiro e sabor. Um presente completo atinge os 3 sentidos.
Touro;39;Você gosta de conforto. Então dê aquilo que ofereceria a você mesmo.
Touro;40;Essa semana, evite dar algo que faça barulho. Touro ama paz.
Touro;41;Presenteie com algo que traga prazer lento, tipo chá ou massagem.
Touro;42;Taurino presenteia com firmeza e coração. E talvez comida.
Touro;43;Evite dar algo que pareça improvisado. Touro sente na hora.
Touro;44;Essa semana, invista em qualidade. Touro nota cada detalhe.
Touro;45;Seu presente não precisa de barulho. Só de bom gosto.
Touro;46;Dê um presente que se possa guardar por anos — ou saborear devagar.
Touro;47;Essa semana: escolha com calma e entregue com carinho.
Touro;48;Touro é constância. Seu presente deve refletir isso.
Touro;49;Dê algo que diga: “pode relaxar, é de verdade”.
Touro;50;Taurino presenteia com valor real. Você gosta de investir em cuidado.
Touro;51;Essa semana, evite exageros. Um presente bem escolhido fala alto.
Touro;52;Presenteie como quem oferece conforto, prazer e afeto. E uma sobremesa.
Libra;1;A indecisão vem. Mas relaxa: com charme, até presente errado vira tendência.
Libra;2;Escolher entre dois presentes perfeitos: missão impossível, versão Libra.
Libra;3;Dê um presente que combine com o feed da pessoa. Estética é tudo.
Libra;4;Essa semana, presenteie com equilíbrio. Mas o laço pode ser extravagante.
Libra;5;O presente ideal? Um que seja bonito, funcional e… ai, tem mais opções?
Libra;6;Você pode até demorar pra escolher, mas entrega com um sorrisinho perfeito.
Libra;7;Libriano presenteia como quem oferece uma experiência estética.
Libra;8;Dê algo que pareça saído de uma galeria. Ou de uma vitrine chique.
Libra;9;Presenteie com harmonia, ou pelo menos uma paleta de cores bem definida.
Libra;10;Essa semana, o desafio é escolher um só. Ou fingir que escolheu.
Libra;11;Dê algo que represente “paz, amor e curadoria impecável”.
Libra;12;Você ama agradar. Só cuidado pra não dar o que você queria receber.
Libra;13;Essa semana: presente que evite conflitos. Ou seja, agrada a todos.
Libra;14;Libriane, você daria um espelho. Mas de bom gosto, é claro.
Libra;15;Você busca justiça até no laço do presente. Tudo precisa estar certo.
Libra;16;Presenteie com algo que a pessoa possa usar e postar. Ideal.
Libra;17;Você demora pra escolher, mas o presente sempre tem classe.
Libra;18;Essa semana: presente charmoso, leve e que combine com a aura do ambiente.
Libra;19;Libriano entrega presente com charme e meia pose de novela.
Libra;20;Essa semana: presente com beleza, leveza e uma pitada de indecisão.
Libra;21;Você valoriza o estilo. Mesmo que seja só na fita do presente.
Libra;22;Dê algo que não gere discussões. Ou seja, fones de ouvido talvez.
Libra;23;Se o presente não combinar com o tapete da sala, talvez você repense.
Libra;24;Libriane, cuidado: equilibrar a estética com a utilidade pode te consumir.
Libra;25;Essa semana: presente delicado e cheio de intenção.
Libra;26;O presente ideal: algo que cause um “uau!” sem exageros.
Libra;27;Você presentearia com uma flor e um poema, ainda tiraria uma foto boa disso.
Libra;28;Dê algo que mantenha a paz, mas que brilhe levemente.
Libra;29;Libriano gosta de beleza. Que tal um livro com capa ilustrada e bem diagramada?
Libra;30;Essa semana: evite escolher o presente só porque o atendente disse que era bonito.
Libra;31;Dica: use sua indecisão como filtro. Se algo te encanta, vai funcionar.
Libra;32;Essa semana, vá com calma. Mas vá com estilo.
Libra;33;Libriano presentearia com incenso, café especial e uma playlist lo-fi.
Libra;34;Equilíbrio é tudo. Até no cartão do presente.
Libra;35;Essa semana, o presente ideal tem que combinar com a vibe do dia.
Libra;36;Um livro de arte, uma planta estilosa… seu gosto é fino.
Libra;37;Libriano, fuja do presente genérico. Seu charme merece mais.
Libra;38;Um presente seu pode ser simples. Desde que seja lindo.
Libra;39;Libriano daria um presente que só existe em tons neutros.
Libra;40;Você leva o presente como se fosse um desfile. E tudo bem.
Libra;41;Essa semana, um presente que agrade visualmente já é meio caminho andado.
Libra;42;Você quer que o presente tenha beleza, e que faça sentido. Isso é Libra.
Libra;43;Dê algo que provoque sorriso… e um “ai, que lindo!” automático.
Libra;44;Dica: se a embalagem já for um evento, melhor ainda.
Libra;45;Libriano ama mimos. E ama dar também.
Libra;46;Um presente que diga “equilíbrio com charme” tem sua assinatura.
Libra;47;Você pensa no look da entrega do presente. Ícone!
Libra;48;Essa semana, dê algo que brilhe… mas em tom pastel.
Libra;49;Libriano acerta porque pensa nos detalhes. O laço também conta.
Libra;50;Presente que combine com beleza e gentileza: sua vibe da semana.
Libra;51;Um toque de luxo? Sim. Mas com elegância, como só Libra faz.
Libra;52;Seu presente final do ano: algo lindo, equilibrado e com um “uau!” no fim.
Áries;1;Você já pensou em dar o presente, comprou, embrulhou… agora respira antes de entregar gritando.
Áries;2;Essa semana, tente não competir com o próprio presente. Ele pode ser o protagonista, tá?
Áries;3;Evite comprar no impulso. Respira, pensa. Ou pelo menos tenta.
Áries;4;Dê o presente antes que você perca a paciência com quem ainda não agradeceu.
Áries;5;Seu lema: presente bom é presente rápido. Mas respira antes de correr pra loja.
Áries;6;Essa semana, controle o ímpeto de dar spoiler do presente antes da entrega.
Áries;7;Áries presenteia com entusiasmo. Só lembra de não atropelar a emoção do outro.
Áries;8;Presenteie como quem inicia uma missão. Só tente não militar sobre ela.
Áries;9;Você já quis presentear e acabou organizando o evento inteiro. Clássico.
Áries;10;Dica da semana: evite presentes que exijam paciência para montar.
Áries;11;Essa semana, pense no presente como uma surpresa, não como uma competição.
Áries;12;Seu estilo é intensidade. Que tal dar um presente que diga ‘impacto’ sem dizer ‘socorro’?
Áries;13;Presentes de aventura combinam com você. Só cuidado pra não empolgar demais.
Áries;14;Você quer ver reação na hora. Mas lembre-se: nem todo mundo reage gritando.
Áries;15;Essa semana: evite presentes com chance de causar lesões emocionais ou físicas.
Áries;16;Um presente com energia e atitude. Isso é 100% ariano.
Áries;17;Você entrega o presente como se fosse uma bomba de emoção. Respira e vai.
Áries;18;Evite presentes delicados. Você pode se empolgar e quebrar antes da entrega.
Áries;19;Seu ritmo é acelerado. Mas escolha o presente com pelo menos 5 segundos de calma.
Áries;20;Essa semana, canalize sua energia em algo criativo e significativo.
Áries;21;Atenção: não é porque a pessoa demorou a reagir que o presente falhou.
Áries;22;Evite assumir que o presente tem que mudar a vida da pessoa. Um mimo também vale.
Áries;23;Você curte praticidade. Que tal algo simples, direto e com seu jeitão sincero?
Áries;24;Essa semana: escolha com impulso, mas finalize com intenção.
Áries;25;Você tem pressa de acertar. Mas o carinho mora no detalhe.
Áries;26;Dê algo que traga movimento, mas também toque o coração.
Áries;27;Seu presente pode vir com adrenalina, mas tente colocar um laço junto.
Áries;28;Evite dar algo que exige calma pra entender. A menos que venha com manual e cronômetro.
Áries;29;Essa semana, experimente esperar a pessoa abrir antes de perguntar ‘e aí, gostou?!’.
Áries;30;Você daria um presente esportivo, radical… ou um megafone. Atenção ao contexto!
Áries;31;Você é direto. Que tal um presente que fale por você com intensidade e leveza?
Áries;32;Essa semana, dê um presente que acenda o fogo certo. Não o incêndio.
Áries;33;Aposte em algo ousado. Mas que não exploda (literalmente).
Áries;34;Você não enrola. E o presente ideal acompanha esse ritmo.
Áries;35;Evite dar presentes que durem pouco. A memória do gesto deve ficar.
Áries;36;Essa semana, dê o tipo de presente que deixa uma impressão forte (sem soco).
Áries;37;Você não tem paciência pra filas. Que tal um presente que chegue rápido também?
Áries;38;Presentear é como batalha: você quer vencer. Mas dessa vez, pense em encantar.
Áries;39;Seu presente sempre carrega energia. Que tal transformar isso em surpresa boa?
Áries;40;Essa semana, dê um presente com coragem, mas sem gritar ‘vai, abre logo!’.
Áries;41;Evite tentar resolver tudo com um presente. Mas que ele diga muita coisa, sim.
Áries;42;Você dá presente como quem entrega uma missão secreta. Cuidado com a intensidade.
Áries;43;Essa semana: presente que diga ‘te vi, te senti, te admirei’.
Áries;44;Você escolhe rápido. Mas às vezes, parar 2 minutos muda tudo.
Áries;45;Dê um presente que reflita sua força, e seu carinho também.
Áries;46;Evite presentes genéricos. Você é 100% personalidade.
Áries;47;Essa semana: escolha algo tão memorável quanto sua chegada nos lugares.
Áries;48;Presenteie com o coração quente, não com a pressa. Ou pelo menos tente equilibrar.
Áries;49;Você quer reação. Mas o presente também pode ser silencioso e marcante.
Áries;50;Dê algo que surpreenda… sem assustar.
Áries;51;Essa semana: um presente com sua energia, mas o toque suave do afeto.
Áries;52;Você é ação. Dê um presente que também fale de presença.
Peixes;1;Essa semana, presenteie com poesia, sentimento e talvez um pouco de glitter.
Peixes;2;Você vai sonhar com o presente antes de dar. E tudo bem, acontece com piscianos.
Peixes;3;Evite presentes muito práticos. Você veio pra emocionar, não pra organizar a casa alheia.
Peixes;4;Dê algo simbólico. E coloque um bilhete fofo junto. Porque claro que sim.
Peixes;5;Você presenteia como quem oferece um pedaço da alma. Drama? Só um pouco.
Peixes;6;Essa semana, escute sua intuição. Ela já sabe o presente certo.
Peixes;7;Presentes feitos à mão, com carinho e cola quente? Total pisciano vibes.
Peixes;8;Evite presentes com muitos números. Você trabalha melhor com sentimentos.
Peixes;9;Dê um presente que abrace, mesmo que não seja um abraço literal.
Peixes;10;Você tem o dom de transformar um presente simples em gesto eterno.
Peixes;11;Essa semana: presente com toque de fantasia. Tipo vela mágica ou diário encantado.
Peixes;12;Você daria um presente só pra ver o outro sorrir. Mesmo sem data especial.
Peixes;13;Dê algo que desperte a criança sensível e criativa dentro da pessoa.
Peixes;14;Evite presentes burocráticos. Piscianos e papelada não combinam.
Peixes;15;Essa semana, siga seu coração na loja. Só tenta não se perder no caminho.
Peixes;16;Dê um presente que conte uma história. Inventada, se precisar.
Peixes;17;Você é o tipo que faz presente com trilha sonora. E tudo combina.
Peixes;18;Seu presente pode parecer simples… até a pessoa abrir e se emocionar.
Peixes;19;Essa semana: presenteie com sensibilidade e, se possível, purpurina.
Peixes;20;Evite dar algo seco demais. Pisciano curte charme, detalhe e emoção.
Peixes;21;Você dá presente como quem oferece colo. E às vezes, choro junto.
Peixes;22;Dica: escolha um presente que toque mais o coração do que o bolso.
Peixes;23;Essa semana, um presente com cheiro, textura e boas lembranças funciona bem.
Peixes;24;Você vive o momento da entrega como se fosse uma cena de filme.
Peixes;25;Evite presentes que precisem de senha. A não ser que venha com mensagem oculta.
Peixes;26;Dê algo que inspire sonhos. Ou pelo menos um cochilo gostoso.
Peixes;27;Você sente a vibe do presente. Mas tenta lembrar de embalar também, tá?
Peixes;28;Essa semana, o presente pode ser uma carta, um desenho ou uma playlist sincera.
Peixes;29;Você entrega o presente com olhos marejados. E isso é bonito.
Peixes;30;Evite dar algo só porque ‘tem que dar’. Você é emoção, não protocolo.
Peixes;31;Dê um presente que diga ‘te vi com o coração’.
Peixes;32;Essa semana: dê algo que pareça abraço em forma de objeto.
Peixes;33;Você é criativo. O presente pode ser um experimento emocional (e seguro).
Peixes;34;Evite presentes barulhentos demais. Piscianos gostam de suavidade.
Peixes;35;Dica: presente artístico + bilhete sincero = sucesso pisciano.
Peixes;36;Essa semana, inspire-se em filmes, músicas ou sonhos. Tudo vira presente com você.
Peixes;37;Você daria um origami com dedicatória. E funcionaria.
Peixes;38;Evite dar algo impessoal. Piscianos sentem tudo, até a falta de afeto no laço.
Peixes;39;Essa semana: presente que toque fundo, sem precisar de manual.
Peixes;40;Você poderia fazer o presente, a embalagem e ainda chorar na entrega.
Peixes;41;Dê algo que sirva mais pro coração que pro status.
Peixes;42;Evite presentes muito quadrados. Piscianos gostam de curvas e poesia.
Peixes;43;Essa semana, se der vontade de escrever um poema junto, escreva!
Peixes;44;Você tem o dom de transformar um sabonete em gesto inesquecível.
Peixes;45;Dê algo que diga ‘lembrei de você’ sem nem precisar dizer.
Peixes;46;Essa semana: presente com magia, ou pelo menos com essência boa.
Peixes;47;Você escolhe com alma, entrega com emoção, e torce pra pessoa entender. Ela vai.
Peixes;48;Evite dar algo genérico. Você não é disso. Giviti sabe.
Peixes;49;Dê algo simbólico, mesmo que seja só um botão colorido com história.
Peixes;50;Essa semana, presenteie como quem compartilha um pedaço do próprio sonho.
Peixes;51;Você não dá presente. Você emociona com embrulho e tudo.
Peixes;52;No fim, a intenção é o que vale. Mas seu presente vai além dela.
Gêmeos;1;Essa semana: escolha um presente antes de mudar de ideia (de novo).
Gêmeos;2;Dê um presente que venha com conversa incluída. Você adora uma conexão.
Gêmeos;3;Se tiver dúvida, dê dois presentes. Ou um multifuncional.
Gêmeos;4;Evite presentes que exigem foco prolongado. Gêmeos vive entre abas.
Gêmeos;5;Dê algo que conte uma história boa. Ou que sirva pra começar uma.
Gêmeos;6;Seu presente é bom. Sua explicação sobre ele, melhor ainda.
Gêmeos;7;Essa semana, evite presentes que exijam silêncio.
Gêmeos;8;Dê um presente leve, divertido e com potencial de virar meme.
Gêmeos;9;Se for útil e engraçado, gêmeos aprova. Se for fofo e aleatório, também.
Gêmeos;10;Você pode dar um presente e mudar de ideia antes da entrega. Gêmeos é assim.
Gêmeos;11;Dê algo que gere assunto. Um presente que comece uma conversa.
Gêmeos;12;Se você se empolgou e comprou mais do que precisava, relaxa. Virou kit!
Gêmeos;13;Essa semana: presenteie com leveza. Sem precisar de lógica demais.
Gêmeos;14;Você escolhe o presente e já está pensando na próxima conversa sobre ele.
Gêmeos;15;Presente de gêmeos tem efeito colateral: risadas ou longas histórias.
Gêmeos;16;Essa semana, evite presentes muito sérios. O mundo já tem seriedade demais.
Gêmeos;17;Dica: você pode criar uma playlist junto com o presente. Multimídia e afeto.
Gêmeos;18;Presente ideal: criativo, versátil e com um pouco de caos bom.
Gêmeos;19;Gêmeos pode esquecer de embalar. Mas nunca esquece de conversar depois.
Gêmeos;20;Dê algo que provoque: “mas o que será que ele(a) quis dizer com isso?”.
Gêmeos;21;Essa semana: escolha algo que divirta e funcione. Duas coisas é o mínimo.
Gêmeos;22;Evite presentes com manual de instrução. Você não vai ler, admita.
Gêmeos;23;Gêmeos presenteia como quem abre um novo episódio da vida.
Gêmeos;24;Essa semana, o presente pode ser divertido, estranho e útil. Tudo ao mesmo tempo.
Gêmeos;25;Dê algo que a pessoa nem sabia que precisava. E depois conte uma teoria sobre.
Gêmeos;26;Você presenteia como quem lança uma ideia pro universo. E vê no que dá.
Gêmeos;27;Presenteie com humor e leveza. E se não der certo, conta como piada.
Gêmeos;28;Dica: personalize. Nem que seja com uma piadinha interna.
Gêmeos;29;Essa semana: presente com múltiplas funções. Ou múltiplas interpretações.
Gêmeos;30;Você pode mudar de ideia no caixa. Mas o importante é dar com intenção.
Gêmeos;31;Seu presente pode virar tópico de grupo. E isso é um elogio.
Gêmeos;32;Gêmeos não dá presente. Ele cria experiências comentáveis.
Gêmeos;33;Dê um presente e já comece a planejar outro. É seu jeitinho.
Gêmeos;34;Essa semana: presente que seja versátil. Como você.
Gêmeos;35;Seu presente pode vir com meme incluso. Melhor ainda.
Gêmeos;36;Dê algo que sirva pra hoje e mude amanhã. Adaptável, como geminiano.
Gêmeos;37;Evite presentes silenciosos. Os seus falam (às vezes demais).
Gêmeos;38;Essa semana: presente com curiosidade embutida. Pra gerar assunto.
Gêmeos;39;Gêmeos é múltiplo. Dê algo que represente isso: várias opções, um gesto só.
Gêmeos;40;Dica: um jogo, um quebra-cabeça ou algo que gere conversa. Sucesso garantido.
Gêmeos;41;Você é rápido. Mas lembre-se: pensar 5 segundos a mais pode melhorar tudo.
Gêmeos;42;Essa semana: evite o tédio. Dê algo que mova a conversa e o coração.
Gêmeos;43;Gêmeos ama novidade. Mas lembre-se: o clássico bem usado também funciona.
Gêmeos;44;Seu presente pode parecer aleatório. Mas sempre tem contexto.
Gêmeos;45;Dê algo que dê assunto. Depois, fale mais que o presente.
Gêmeos;46;Essa semana: pense rápido, mas sinta fundo.
Gêmeos;47;Você pode presentear com surpresa, ironia e sinceridade. Sim, tudo junto.
Gêmeos;48;Dica: evite o excesso de ideias. Escolha uma. Entregue bem.
Gêmeos;49;Seu presente pode ser um quebra-cabeça, uma história, um “o que será que quis dizer?”
Gêmeos;50;Essa semana: aposte na leveza. De humor, de entrega, de presente.
Gêmeos;51;Gêmeos entrega com fala, com charme e com um “mas tem uma história…”
Gêmeos;52;Presenteie como quem muda o dia da pessoa com uma boa ideia.
Câncer;1;Você já chorou pensando no presente? Normal. A gente te entende.
Câncer;2;Um presente feito com carinho e lembrança vale mais que mil likes.
Câncer;3;Essa semana: presenteie com afeto. E se puder, com abraço incluso.
Câncer;4;Você dá presente como quem entrega um pedaço da história de vocês.
Câncer;5;Essa semana: dê algo que diga “lembrei de você antes de todo mundo.”
Câncer;6;Câncer presenteia com emoção. E talvez um pouquinho de exagero dramático.
Câncer;7;Dica: carta escrita à mão + mimo simples = combinação infalível pra canceriane.
Câncer;8;Presenteie com memória. Tipo aquele lugar que vocês foram, ou gostariam de ir.
Câncer;9;Cuidado: o presente precisa ser sincero. Canceriano sente de longe o “por obrigação.”
Câncer;10;Essa semana: um presente que diga “você é importante pra mim” sem precisar dizer.
Câncer;11;Você dá presente como quem oferece colo. E talvez um potinho de doce caseiro.
Câncer;12;Dica: um álbum de memórias, mesmo pequeno, pode emocionar como ninguém.
Câncer;13;Canceriane, presente é emoção. Mesmo que seja só um biscoito com recado.
Câncer;14;Dê algo que tenha valor emocional. Nem que seja uma pedrinha com significado.
Câncer;15;Evite presentes frios ou impessoais. O coração canceriano pede mais.
Câncer;16;Dê algo que pareça um lar portátil: quentinho, acolhedor e com cheirinho bom.
Câncer;17;Canceriano dá presente pensando no passado, presente e futuro. Em ordem emocional.
Câncer;18;Essa semana, presenteie com o que toca, não o que impressiona.
Câncer;19;Se o presente for simples, que seja entregue com carinho dobrado.
Câncer;20;Canceriane: um presente pode ser só um presente, mas o seu nunca é.
Câncer;21;Um presente que diga “cuide-se” já fala muito.
Câncer;22;Essa semana: dê algo que seja como um abraço, mesmo virtual.
Câncer;23;Você valoriza as datas. E um presente bem entregue vira ritual.
Câncer;24;Presente perfeito? Algo que remeta à infância ou a algo que aquece a alma.
Câncer;25;Canceriane, você daria um bolo de pote e ainda escreveria um bilhete com receita.
Câncer;26;Essa semana: invista em doçura. Literal e metaforicamente.
Câncer;27;Evite presentes prontos demais. Um toque seu sempre melhora.
Câncer;28;Dê algo que diga “você é família”, mesmo que não seja parente.
Câncer;29;Canceriano não entrega presente. Ele faz entrega emocional com laço.
Câncer;30;Essa semana: dê algo que a pessoa vai guardar. E você vai perguntar se ela usou.
Câncer;31;Um porta-retrato, uma carta, um mimo feito à mão: clássico canceriano.
Câncer;32;Essa semana, presentear pode ser terapêutico. Vai fundo.
Câncer;33;Evite presentes que pareçam frios. Canceriano quer calor.
Câncer;34;Dê algo que lembre um momento (mesmo que só você lembre)
Câncer;35;Essa semana, escolha algo que te emocione também.
Câncer;36;Canceriane, às vezes, só um bilhetinho com bombom já basta.
Câncer;37;Dica: presente com significado pessoal vale mais do que parece.
Câncer;38;Seu presente pode não ser caro, mas será lembrado.
Câncer;39;Canceriano dá presente com lembrança, cheiro e coração.
Câncer;40;Essa semana: presente que traga conforto sem explicar nada.
Câncer;41;Dê algo que acolha. Nem que seja uma caneca com frase brega.
Câncer;42;Canceriano entrega presente como quem sela uma promessa de cuidado.
Câncer;43;Dica: presente com significado familiar ou memória sensível.
Câncer;44;Essa semana, um presente que diga “te guardo comigo” já é tudo.
Câncer;45;Canceriane, seu presente é envolto em afeto e talvez papel reciclado.
Câncer;46;Dê algo simbólico. Mesmo que seja só um coração de papel bem dobrado.
Câncer;47;Essa semana: o presente ideal te emociona antes mesmo da entrega.
Câncer;48;Canceriano sente o mundo. Então sinta junto e presenteie com verdade.
Câncer;49;Dê algo que fale de você. Mas também de vocêS.
Câncer;50;Dica: a emoção que você coloca no presente é o melhor laço.
Câncer;51;Canceriane, seu presente é amor com fita. E, às vezes, glitter.
Câncer;52;No fim, o gesto vale mais que o objeto. Mas o seu objeto tem gesto junto.
Leão;1;Seu presente? Claro que vai brilhar. Mas o que importa é que seja inesquecível.
Leão;2;Dê um presente que faça a pessoa se sentir especial. Quase tão especial quanto você.
Leão;3;Essa semana, seu presente pode ter glitter. Até se for um livro.
Leão;4;Você não entrega presente. Você faz um evento. Com direito a close.
Leão;5;Leão não dá qualquer coisa. Dá aquilo que causa reação (e de preferência, elogios).
Leão;6;Presente simples? Só se for sofisticadamente simples.
Leão;7;Essa semana: presente com brilho, presença e talvez um espelho.
Leão;8;Você daria um presente que diz “lembrei de você… e fiz questão de mostrar”.
Leão;9;O laço do presente pode ser um espetáculo à parte.
Leão;10;Dê algo que gere admiração. E talvez uma foto com flash.
Leão;11;Você não escolhe um presente. Você faz uma curadoria real oficial.
Leão;12;Leão presenteia pra ser lembrado. E sempre é.
Leão;13;Essa semana, escolha algo que represente presença. Com estilo, claro.
Leão;14;Você daria um presente e pediria pra registrar a entrega em vídeo. Normal.
Leão;15;Dê algo que a pessoa vai usar… e lembrar que foi você que deu.
Leão;16;Leão não dá lembrancinha. Dá marco histórico.
Leão;17;Essa semana, evite modéstia. Inclusive na escolha do presente.
Leão;18;Seu presente é como você: aparece, impressiona e marca.
Leão;19;Você daria um presente e um discurso. E ambos seriam ótimos.
Leão;20;Presenteie como quem diz: “eu sei que sou incrível — e você merece um pouco disso.”
Leão;21;Dê um presente que arranque um “uau”. Ou um post no story.
Leão;22;Essa semana: vá de algo que tenha brilho ou impacto. Ou os dois.
Leão;23;Seu presente é grandioso até quando é pequeno.
Leão;24;Você entrega o presente como quem sobe num palco. E merece os aplausos.
Leão;25;Dê algo que combine com autoestima elevada. Tipo um espelho dourado.
Leão;26;Leão ama dar presente como quem entrega tesouro.
Leão;27;Essa semana, escolha algo que cause impacto visual e emocional.
Leão;28;Você dá presente como quem diz: “ninguém te dá como eu”. E é verdade.
Leão;29;Leão presenteia com confiança e estilo. Até uma caneta vira item de luxo.
Leão;30;Dica: escolha um presente que você usaria para impressionar alguém.
Leão;31;Você já ensaiou o momento da entrega? Se não, ainda dá tempo.
Leão;32;Essa semana, seu presente precisa ser digno de atenção. E de elogios.
Leão;33;Dê algo que combine com festa, presença e personalidade.
Leão;34;Você dá presente como quem oferece coroa.
Leão;35;Seu presente é tipo holofote: chega primeiro, brilha depois.
Leão;36;Leão ama ser notado. E o presente acompanha essa energia.
Leão;37;Presente simples? Pode ser. Mas tem que parecer digno de passarela.
Leão;38;Essa semana: entregue como quem pisa no tapete vermelho.
Leão;39;Leão não entrega. Leão performa. E o presente é parte do show.
Leão;40;Dê um presente com sua assinatura. Literal ou metaforicamente.
Leão;41;Você pensa em como o presente vai ser lembrado. Leão vive pra causar boas memórias.
Leão;42;Essa semana: vá de algo icônico. Mesmo que seja uma caneca.
Leão;43;Você entrega o presente com postura de quem ensaiou no espelho.
Leão;44;Leão não quer apenas presentear. Quer ser lembrado pela entrega.
Leão;45;Essa semana: presente que cause orgulho. Seu e da pessoa que recebe.
Leão;46;Seu presente é como você: inesquecível e um pouco exagerado (no bom sentido).
Leão;47;Dê algo que diga: “eu brilho, mas hoje é sua vez”.
Leão;48;Essa semana, evite o genérico. Leão exige destaque até no chaveiro.
Leão;49;Dica: o presente precisa ter presença. Como você.
Leão;50;Leão presenteia como quem faz homenagem. E todo mundo aplaude.
Leão;51;Dê algo que diga: “toma aqui um pedaço do meu brilho”.
Leão;52;Essa semana: presente com presença, intenção e impacto.
Virgem;1;Essa semana: presente útil, organizado e com etiqueta. Virgem aprova.
Virgem;2;Dê algo que traga praticidade. Mas com carinho e planilha, se possível.
Virgem;3;Presente ideal: algo funcional e que não gere bagunça.
Virgem;4;Dê algo com instruções claras. A pessoa (e você) vão agradecer.
Virgem;5;Essa semana: evite presentes confusos. Você ama ordem, até no laço.
Virgem;6;Você presentearia com um organizador de cabos e ainda chamaria de revolução.
Virgem;7;Virgem adora detalhes. Então capriche até na dobra do papel.
Virgem;8;Dê algo que resolva um problema. Isso vale mais que mil palavras.
Virgem;9;Essa semana: nada de presentes improvisados. Você já tem uma planilha de ideias.
Virgem;10;Dê um presente com propósito. “Bonitinho” não basta.
Virgem;11;Essa semana, evite exageros. Você prefere acerto limpo a barulho bonito.
Virgem;12;Seu presente tem que ser funcional, lógico e (por que não?) encantador.
Virgem;13;Dê algo bem pensado. De preferência, revisado e testado.
Virgem;14;Evite presentes que geram dúvida. Virgem valoriza clareza.
Virgem;15;Essa semana: um presente com aplicação prática e valor sentimental.
Virgem;16;Dica: presente com utilidade diária te faz brilhar sem chamar atenção.
Virgem;17;Evite dar algo que precise de conserto. Virgem vai consertar, mas vai reclamar.
Virgem;18;Dê algo que te represente: discreto, confiável e eficiente.
Virgem;19;Essa semana: presente que organiza, classifica ou otimiza.
Virgem;20;Dê algo que a pessoa não sabia que precisava, mas agora não vai viver sem.
Virgem;21;Virgem presenteia com sutileza. Mas sempre com profundidade.
Virgem;22;Dica: um planner, uma caixa organizadora ou algo que traga ordem = sucesso.
Virgem;23;Dê algo que demonstre cuidado nos mínimos detalhes.
Virgem;24;Evite presentes vagos. Virgem gosta de significado claro e objetivo.
Virgem;25;Essa semana: presenteie com precisão. Pode ser simples, mas que funcione bem.
Virgem;26;Dê algo que ajude a melhorar a rotina da pessoa. Isso é amor virginiano.
Virgem;27;Seu presente pode vir com manual… que você já leu e corrigiu.
Virgem;28;Essa semana: evite presentes que façam bagunça. Literal ou emocional.
Virgem;29;Dê algo que mostre que você pensou, repensou e ainda ajustou.
Virgem;30;Essa semana, presente sem propósito não entra na sua lista.
Virgem;31;Dê algo que seja útil e que a pessoa nem sabia que queria.
Virgem;32;Evite presentes exagerados. A elegância está nos detalhes bem pensados.
Virgem;33;Dica: algo que resolva uma dor pequena = presente perfeito para Virgem.
Virgem;34;Essa semana: dê algo que organize o caos do dia da pessoa.
Virgem;35;Dê algo que traga paz. Virgem ama funcionalidade com calma.
Virgem;36;Essa semana, invista em algo útil, limpo e com bom acabamento.
Virgem;37;Você pode presentear com um kit de etiquetas e ainda ser fofo.
Virgem;38;Dê algo que facilite a vida. E que tenha manual completo, por favor.
Virgem;39;Dica: menos “surpresa”, mais “organização com toque emocional”.
Virgem;40;Essa semana: presente com lógica, coerência e talvez uma planilha bônus.
Virgem;41;Seu presente pode ser discreto. Mas sempre funcional.
Virgem;42;Evite improvisar. Virgem sente a falta de planejamento de longe.
Virgem;43;Essa semana: presenteie como quem resolveu a vida da pessoa com um item só.
Virgem;44;Dê algo que a pessoa vai agradecer toda vez que usar.
Virgem;45;Virgem presenteia com discrição e profundidade. E sempre funciona.
Virgem;46;Dê algo que ajude. Virgem ama quando o presente tem função real.
Virgem;47;Essa semana: um presente modesto, porém muito bem escolhido.
Virgem;48;Presente ideal: que resolva, que dure e que tenha sido bem analisado.
Virgem;49;Dê algo com planejamento. Mas que também aqueça o coração.
Virgem;50;Essa semana: evite o caos. Seu presente deve organizar, não confundir.
Virgem;51;Virgem entrega cuidado no presente. Mesmo que ele venha com bula.
Virgem;52;Presente perfeito: simples, útil e entregue com amor metódico.
Sagitário;1;Presente? Que comece a aventura de encontrar algo épico (ou pelo menos inusitado).
Sagitário;2;Dê algo que a pessoa possa usar… numa viagem, trilha ou fuga repentina.
Sagitário;3;Essa semana, presenteie com liberdade. Ou com uma mala pequena e um mapa.
Sagitário;4;Sagitariano não dá presente. Dá história. E, às vezes, passaporte.
Sagitário;5;Você não quer só surpreender. Quer levar a pessoa pra outro planeta (ou bairro).
Sagitário;6;Presenteie como quem diz: “você não pediu, mas eu trouxe mesmo assim!”
Sagitário;7;Dica: o presente pode ser exagerado, mas que seja com alma.
Sagitário;8;Essa semana, evite prometer que vai embrulhar. Você sabe que vai esquecer.
Sagitário;9;Seu presente é meio piada interna, meio declaração de amizade eterna.
Sagitário;10;Presente sem emoção não rola. Mas se tiver comédia, melhor ainda.
Sagitário;11;Sagitário presenteia com energia. E às vezes, com taxa de entrega de outro país.
Sagitário;12;Essa semana: dê algo que diga “liberdade”, mesmo que seja uma toalha de piquenique.
Sagitário;13;Você entrega o presente e já pergunta: “vamos usar agora?”
Sagitário;14;Seu presente é aventura em formato de caixinha.
Sagitário;15;Presente de Sagitário tem mapa, coragem e chance de virar história pra contar.
Sagitário;16;Evite presentes sem graça. Você nasceu pra expandir horizontes — não pra economizar afeto.
Sagitário;17;Dê um presente que leve a pessoa pra fora da zona de conforto (com charme).
Sagitário;18;Você não se apega ao embrulho. Mas se ele for engraçado, melhor.
Sagitário;19;Presenteie com risada. E se vier com item real, bônus.
Sagitário;20;Essa semana, o presente ideal tem humor, afeto e espaço pra interpretação.
Sagitário;21;Dica: bilhete com piada + objeto inusitado = receita sagitariana.
Sagitário;22;Dê algo que a pessoa possa usar pra fugir, rir ou filosofar.
Sagitário;23;Sagitário dá presente pensando no futuro. E no agora. E no próximo rolê.
Sagitário;24;Essa semana, presenteie como quem distribui alegria portátil.
Sagitário;25;Você dá presente como quem convida pra uma nova jornada.
Sagitário;26;Dica: presenteie com algo que sirva para mais de uma coisa. Sagitário ama versatilidade.
Sagitário;27;Seu presente tem que ter liberdade embutida. Ou pelo menos rodinhas.
Sagitário;28;Essa semana: algo ousado. Um presente que ninguém esperava.
Sagitário;29;Você daria um presente e um convite pra viagem. Sagitário puro.
Sagitário;30;Evite dar algo sem alma. Sagitário tem radar contra “presente vazio”.
Sagitário;31;Presente seu pode vir com história, piada e chances de virar podcast.
Sagitário;32;Essa semana: dê algo que provoque vontade de sair por aí.
Sagitário;33;Sagitário presenteia como quem joga confete e ideias no ar.
Sagitário;34;Dê algo que funcione pra muitos cenários. Afinal, você nunca para.
Sagitário;35;Seu presente pode vir com um mapa e uma risada.
Sagitário;36;Essa semana: presenteie como quem abre fronteiras.
Sagitário;37;Você entrega presente com aquela energia de “você nem acredita onde achei isso!”
Sagitário;38;Dê algo que cause surpresa, e se possível, uma gargalhada.
Sagitário;39;Sagitariano pode esquecer a data. Mas o presente será inesquecível.
Sagitário;40;Essa semana, escolha algo que inspire movimento. E riso.
Sagitário;41;Você dá presente como quem compartilha liberdade.
Sagitário;42;Dê algo que seja leve, mas marcante. Como você.
Sagitário;43;Seu presente pode ser uma passagem ou uma promessa de diversão.
Sagitário;44;Essa semana: fuja do óbvio. Ou pelo menos corra de presente sem graça.
Sagitário;45;Você entrega o presente como quem lança missão secreta divertida.
Sagitário;46;Dica: presenteie com alegria sincera. Não precisa justificar.
Sagitário;47;Sagitário não dá só objeto. Dá estado de espírito.
Sagitário;48;Essa semana, escolha o presente que ninguém mais teria coragem de dar.
Sagitário;49;Você presentearia com um globo terrestre inflável. E estaria certo.
Sagitário;50;Seu presente é tipo viagem surpresa. Um pouco caótico, mas memorável.
Sagitário;51;Essa semana: presentear é espalhar alegria. Missão aceita.
Sagitário;52;Dê algo que diga: “vai viver algo incrível... e lembra de mim lá.”
Capricórnio;1;Essa semana: presente com propósito. Capricórnio não joga dinheiro fora.
Capricórnio;2;Dê um presente que diga “isso é investimento de valor emocional e prático.”
Capricórnio;3;Seu presente é sólido, útil e entrega resultado.
Capricórnio;4;Caprica presenteia com sabedoria e planilha emocional.
Capricórnio;5;Essa semana: escolha algo durável, funcional e preferencialmente neutro.
Capricórnio;6;Seu presente tem que ser prático. Nada de firulas que só enfeitam.
Capricórnio;7;Dê algo que a pessoa vai realmente usar. Repetidamente. E te agradecer.
Capricórnio;8;Evite presentes com data de validade emocional. Capricórnio quer legado.
Capricórnio;9;Dê um presente que represente constância. Tipo um bom café ou uma ferramenta.
Capricórnio;10;Essa semana, invista em qualidade. Você não é de fazer “lembrancinhas”.
Capricórnio;11;Você entrega presente como quem apresenta uma solução de longo prazo.
Capricórnio;12;Capricórnio gosta de resultado. Até quando é presente.
Capricórnio;13;Dica: presenteie com responsabilidade. Literalmente.
Capricórnio;14;Essa semana: presente útil + neutro = sucesso.
Capricórnio;15;Dê algo que aumente a produtividade da pessoa. Ela vai te amar por isso.
Capricórnio;16;Dê algo de qualidade comprovada. E com garantia.
Capricórnio;17;Essa semana: presenteie com algo clássico, mas com um toque pessoal.
Capricórnio;18;Seu presente pode não ser divertido, mas vai ser indispensável.
Capricórnio;19;Caprica entrega presente como quem oferece alicerce.
Capricórnio;20;Evite presentear só por obrigação. Capricórnio valoriza intenção real.
Capricórnio;21;Essa semana, dê algo que reflita seu cuidado silencioso.
Capricórnio;22;Presenteie com um toque de pragmatismo. E talvez couro legítimo.
Capricórnio;23;Seu presente pode ser discreto, mas é sempre certeiro.
Capricórnio;24;Capricórnio não precisa de presente chamativo, mas sim duradouro.
Capricórnio;25;Essa semana: invista em algo com valor real: emocional e funcional.
Capricórnio;26;Evite o modismo. Seu presente deve resistir ao tempo.
Capricórnio;27;Caprica não erra. E seu presente é calculado pra isso.
Capricórnio;28;Dê algo que você próprio usaria. Seu padrão é alto.
Capricórnio;29;Essa semana, presenteie com algo que traga estabilidade e confiança.
Capricórnio;30;Seu presente é tipo você: firme, eficiente e bem estruturado.
Capricórnio;31;Dê algo que transforme o cotidiano da pessoa. Pra melhor, claro.
Capricórnio;32;Capricórnio gosta de simbolismo realista. Evite “abstratices”.
Capricórnio;33;Dê um presente que dure, e que não seja “da moda”.
Capricórnio;34;Essa semana: presente com propósito bem definido.
Capricórnio;35;Dê algo que contribua com metas. Até as emocionais.
Capricórnio;36;Evite presentinhos impulsivos. Você prefere assertividade.
Capricórnio;37;Presente ideal: algo que você não precisa explicar. Fala por si.
Capricórnio;38;Essa semana, aposte em algo que evolua com o tempo.
Capricórnio;39;Dica: seu presente deve refletir competência e afeto ao mesmo tempo.
Capricórnio;40;Dê algo que fale de compromisso. Mesmo sem palavras.
Capricórnio;41;Essa semana: presente clássico, firme e fiel à sua essência.
Capricórnio;42;Capricórnio não exagera. Mas entrega o que importa.
Capricórnio;43;Dica: um bom livro técnico ou uma ferramenta bem feita é presente ideal.
Capricórnio;44;Seu presente é tipo planejamento estratégico: preciso e eficaz.
Capricórnio;45;Dê algo que mostre sua lealdade sem precisar de grandes gestos.
Capricórnio;46;Essa semana: presente que mostre que você conhece a pessoa profundamente.
Capricórnio;47;Caprica dá presente como quem constrói confiança.
Capricórnio;48;Presente neutro, durável e com propósito: combo perfeito.
Capricórnio;49;Essa semana: dê algo que seja útil todos os dias.
Capricórnio;50;Dê algo que reflita o tempo e esforço que você dedicou ao pensar nele.
Capricórnio;51;Capricórnio presenteia com consistência e discrição.
Capricórnio;52;No fim, você presenteia com estrutura, tempo e intenção. E isso vale ouro.